mysql> source e:\CPT242\completed homeworks\JaegerMH7.sql
Database changed
Query OK, 1 row affected (0.00 sec)

Query OK, 1 row affected (0.00 sec)

Query OK, 1 row affected (0.01 sec)

Query OK, 1 row affected (0.00 sec)

Query OK, 1 row affected (0.00 sec)

Database changed
Query OK, 1 row affected (0.00 sec)
Rows matched: 1  Changed: 1  Warnings: 0

Database changed
Query OK, 1 row affected (0.00 sec)
Rows matched: 1  Changed: 1  Warnings: 0

Database changed
Query OK, 1 row affected (0.00 sec)
Rows matched: 1  Changed: 1  Warnings: 0

Database changed
Query OK, 1 row affected (0.00 sec)
Rows matched: 1  Changed: 1  Warnings: 0

Database changed
Query OK, 2 rows affected (0.00 sec)
Rows matched: 2  Changed: 2  Warnings: 0

Database changed
Query OK, 5 rows affected (0.00 sec)
Rows matched: 5  Changed: 5  Warnings: 0

Database changed
Query OK, 2 rows affected (0.00 sec)
Rows matched: 2  Changed: 2  Warnings: 0

Database changed
Query OK, 14 rows affected, 8 warnings (0.01 sec)
Rows matched: 14  Changed: 14  Warnings: 8

mysql> use lyric;
Database changed
mysql> select * from salespeople;
+---------+-----------+----------+----------+----------+------------+
| SalesID | FirstName | LastName | Initials | Base     | Supervisor |
+---------+-----------+----------+----------+----------+------------+
|       1 | Bob       | Bentley  | bbb      | 150.0000 |          4 |
|       2 | Lisa      | Williams | lmw      | 300.0000 |          4 |
|       3 | Clint     | Sanchez  | cls      | 200.0000 |          1 |
|       4 | Scott     | Bull     | sjb      |     NULL |       NULL |
|       5 | Bryce     | Sanders  | bgs      | 200.0000 |          1 |
+---------+-----------+----------+----------+----------+------------+
5 rows in set (0.00 sec)

mysql> select * from members where lastname='Payne';
+----------+-----------+----------+--------------+--------------+--------+------------+---------+------------+------------+-------+--------+---------------------+---------+
| MemberID | FirstName | LastName | Address      | City         | Region | PostalCode | Country | HomePhone  | WorkPhone  | EMail | Gender | Birthday            | SalesID |
+----------+-----------+----------+--------------+--------------+--------+------------+---------+------------+------------+-------+--------+---------------------+---------+
|       29 | Frank     | Payne    | 5412 Clinton | New Rochelle | NY     | 10014      | USA     | 9981737464 | 9981737464 | NULL  | M      | 1960-01-17 00:00:00 |       1 |
+----------+-----------+----------+--------------+--------------+--------+------------+---------+------------+------------+-------+--------+---------------------+---------+
1 row in set (0.00 sec)

mysql> select * from titles;
+---------+----------+--------------------+----------+------------+-------------+
| TitleID | ArtistID | Title              | StudioID | UPC        | Genre       |
+---------+----------+--------------------+----------+------------+-------------+
|       1 |        1 | Meet the Neurotics |        1 | 2727366627 | alternative |
|       3 |       15 | Smell the Glove    |        2 | 1283772282 | metal       |
|       4 |       10 | Time Flies         |        3 | 1828344222 | pop         |
|       5 |        1 | Neurotic Sequel    |        1 | 2828830202 | alternative |
|       6 |        5 | Sonatas            |        2 | 3999320021 | classical   |
|       7 |        2 | Louis at the Keys  |        3 | 3838227111 | jazz        |
|       8 |        3 | Word Live          |        3 | NULL       | pop         |
+---------+----------+--------------------+----------+------------+-------------+
7 rows in set (0.00 sec)

mysql> select * from members where region='VA';
+----------+-----------+-----------+----------------------+------------+--------+------------+---------+------------+------------+------------------------+--------+---------------------+---------+
| MemberID | FirstName | LastName  | Address              | City       | Region | PostalCode | Country | HomePhone  | WorkPhone  | EMail                  | Gender | Birthday            | SalesID |
+----------+-----------+-----------+----------------------+------------+--------+------------+---------+------------+------------+------------------------+--------+---------------------+---------+
|        7 | Marcellin | Lambert   | 142 Sample Rd        | Alexandria | VA     | 20102      | USA     | 8331929302 | NULL       | mlambert@corkscrew.com | M      | 1959-11-14 00:00:00 |       4 |
|        8 | Caroline  | Kale      | 1515 Stone Church Rd | Allen      | VA     | 20321      | USA     | 7321223742 | NULL       | NULL                   | F      | 1956-05-30 00:00:00 |       4 |
|        9 | Kerry     | Fernandez | 15 Midway            | Lynchberg  | VA     | 21223      | USA     | 2211229384 | 2211223939 | NULL                   | M      | 1962-01-16 00:00:00 |       1 |
+----------+-----------+-----------+----------------------+------------+--------+------------+---------+------------+------------+------------------------+--------+---------------------+---------+
3 rows in set (0.00 sec)

mysql> use crashcourse;
Database changed
mysql> select * from customers;
+---------+----------------+---------------------+-----------+------------+----------+--------------+--------------+---------------------+
| cust_id | cust_name      | cust_address        | cust_city | cust_state | cust_zip | cust_country | cust_contact | cust_email          |
+---------+----------------+---------------------+-----------+------------+----------+--------------+--------------+---------------------+
|   10001 | COYOTE INC.    | 200 Maple Lane      | Detroit   | MI         | 44444    | USA          | Y Lee        | ylee@coyote.com     |
|   10002 | MOUSE HOUSE    | 333 Fromage Lane    | Columbus  | OH         | 43333    | USA          | Jerry Mouse  | NULL                |
|   10003 | WASCALS        | 1 Sunny Place       | Muncie    | IN         | 42222    | USA          | Jim Jones    | rabbit@wascally.com |
|   10004 | YOSEMITE PLACE | 829 Riverside Drive | Phoenix   | AZ         | 88888    | USA          | Y Sam        | sam@yosemite.com    |
|   10005 | E FUDD         | 4545 53rd Street    | Chicago   | IL         | 54545    | USA          | E Fudd       | NULL                |
+---------+----------------+---------------------+-----------+------------+----------+--------------+--------------+---------------------+
5 rows in set (0.00 sec)

mysql> select * from vendors;
+---------+----------------+-----------------+-------------+------------+----------+--------------+
| vend_id | vend_name      | vend_address    | vend_city   | vend_state | vend_zip | vend_country |
+---------+----------------+-----------------+-------------+------------+----------+--------------+
|    1001 | Anvils R Us    | 123 Main Street | Southfield  | MI         | 48075    | USA          |
|    1002 | LT Supplies    | 500 Park Street | Anytown     | OH         | 44333    | USA          |
|    1003 | ACME           | 555 High Street | Los Angeles | CA         | 90046    | USA          |
|    1004 | Furball Inc.   | 1000 5th Avenue | New York    | NY         | 11111    | USA          |
|    1005 | Jet Set        | 42 Galaxy Road  | Aiken       | SC         | N16 6PS  | England      |
|    1006 | Jouets Et Ours | 1 Rue Amusement | Aiken       | SC         | 45678    | France       |
+---------+----------------+-----------------+-------------+------------+----------+--------------+
6 rows in set (0.00 sec)

mysql> select * from products;
+---------+---------+----------------+------------+----------------------------------------------------------------+
| prod_id | vend_id | prod_name      | prod_price | prod_desc                                                      |
+---------+---------+----------------+------------+----------------------------------------------------------------+
| ANV01   |    1001 | .5 ton anvil   |       6.89 | .5 ton anvil, black, complete with handy hook                  |
| ANV02   |    1001 | 1 ton anvil    |      11.49 | 1 ton anvil, black, complete with handy hook and carrying case |
| ANV03   |    1001 | 2 ton anvil    |      17.24 | 2 ton anvil, black, complete with handy hook and carrying case |
| DTNTR   |    1003 | Detonator      |      14.95 | Detonator (plunger powered), fuses not included                |
| FB      |    1003 | Bird seed      |      11.50 | Large bag (suitable for road runners)                          |
| FC      |    1003 | Carrots        |       2.88 | Carrots (rabbit hunting season only)                           |
| FU1     |    1002 | Fuses          |       3.93 | 1 dozen, extra long                                            |
| JP1000  |    1005 | JetPack 1000   |      40.25 | JetPack 1000, intended for single use                          |
| JP2000  |    1005 | JetPack 2000   |      63.25 | JetPack 2000, multi-use                                        |
| OL1     |    1002 | Oil can        |      10.34 | Oil can, red                                                   |
| SAFE    |    1003 | Safe           |      57.50 | Safe with combination lock                                     |
| SLING   |    1003 | Sling          |       5.16 | Sling, one size fits all                                       |
| TNT1    |    1003 | TNT (1 stick)  |       2.88 | TNT, red, single stick                                         |
| TNT2    |    1003 | TNT (5 sticks) |      11.50 | TNT, red, pack of 10 sticks                                    |
+---------+---------+----------------+------------+----------------------------------------------------------------+
14 rows in set (0.00 sec)

mysql> notee;
